id,name,email,created_at
1,Alice Johnson,alice@gmail.com,2024-06-15
2,Bob Smith,bob.smith@outlook.com,2024-07-01
3,Carol Davis,carol.davis@gmail.com,2024-07-20
4,David Lee,david.lee@yahoo.com,2024-08-03
5,Eve Martinez,eve.m@gmail.com,2024-08-15
6,Frank Wilson,frank.w@outlook.com,2024-09-01
7,Grace Kim,grace.kim@gmail.com,2024-09-18
8,Henry Brown,henry.b@yahoo.com,2024-10-02
9,Irene Taylor,irene.t@outlook.com,2024-10-20
10,Jack Anderson,jack.a@gmail.com,2024-11-05
11,Karen White,karen.w@outlook.com,2024-11-15
12,Leo Garcia,leo.garcia@gmail.com,2024-12-01
13,Mona Patel,mona.p@yahoo.com,2025-01-10
14,Nate Robinson,nate.r@gmail.com,2025-02-01
15,Olivia Chen,olivia.c@outlook.com,2025-02-20
16,Paul Thomas,paul.t@gmail.com,2025-03-05
17,Quinn Harris,quinn.h@yahoo.com,2025-03-15
18,Rachel Clark,rachel.c@gmail.com,2025-04-01
19,Sam Walker,sam.w@outlook.com,2025-04-20
20,Tina Young,tina.y@gmail.com,2025-05-01
